Prompt,任务类型,参考回答,GPT3.5,GPT4
"以下有关镧系元素的哪个陈述是不正确的？
(A) 镧系元素最常见的氧化态为 +3。
(B) 镧系元素的配合物常常具有高配位数（>6）。
(C) 所有镧系元素与水溶酸反应，能够产生氢气。
(D) 镧系元素的原子半径在镧系元素周期表中由 La 到 Lu 逐渐增加。",`化学`,d,"以下有关镧系元素的陈述中，不正确的是：
(D) 镧系元素的原子半径在镧系元素周期表中由 La 到 Lu 逐渐增加。
事实上，镧系元素的原子半径并不是逐渐增加的，而是呈现出“收缩”的趋势。这是由于在镧系元素的原子中，4f 电子壳层的电子与 5d、6s 电子壳层的电子之间存在较强的相互作用，使得 4f 电子壳层的电子更加靠近原子核，因此整个原子半径变小。这种“收缩”的效应可以一直持续到镧系元素周期表的末端。","(D) 镧系元素的原子半径在镧系元素周期表中由 La 到 Lu 逐渐增加。
这个陈述是不正确的。镧系元素的原子半径实际上是从镧（La）到镥（Lu）逐渐减小，这一现象称为镧系收缩（lanthanide contraction）。镧系收缩是由于镧系元素中 4f 电子的屏蔽效应较差导致的，从而使得电子云更靠近原子核，导致原子半径减小。"
"假设一种计算机设计，其中多个处理器，每个处理器都有私有缓存存储器，使用单个总线共享全局存储器。这个总线是关键的系统资源。只要内存引用由本地缓存满足，每个处理器可以每 500 纳秒执行一条指令。当出现缓存未命中时，处理器会延迟额外的 2000 纳秒。在这额外的延迟的一半时间内，总线专门用于服务缓存未命中。在另一半时间内，处理器不能继续，但总线可以自由地服务其他处理器的请求。平均而言，每条指令需要 2 次内存引用。平均而言，缓存未命中在 1% 的引用中发生。忽略由于来自其他处理器的竞争而产生的延迟，一个单独的处理器会占用总线容量的多少比例？
(A) 1/50 (B) 1/27 (C) 1/25 (D) 2/27",`计算机`,b,"每条指令平均需要 2 次内存引用，因此每个处理器每秒最多可以执行 $10^9/500 = 2 \times 10^6$ 条指令。其中，平均有 1% 的指令会发生缓存未命中，因此每秒平均会有 $2 \times 10^6 \times 1% = 2 \times 10^4$ 次缓存未命中。
对于每次缓存未命中，处理器需要额外等待 2000 纳秒，其中有一半时间（即 1000 纳秒）总线用于服务缓存未命中，另一半时间总线用于服务其他处理器的请求。因此，每个处理器每秒会占用 $1000/500 = 2$ 个周期的总线时间用于服务自己的缓存未命中。
综上所述，每个处理器每秒占用总线容量的比例为：
1092×2×104×2=1058=252
因此，答案为 (C) 1/25。","为了计算一个单独的处理器占用总线容量的比例，我们需要了解每条指令的处理时间以及未命中缓存时处理器占用总线的时间。
首先，我们计算平均每条指令的执行时间：
每条指令需要 2 次内存引用。
缓存未命中的概率为 1%，即每 100 次内存引用中有 1 次未命中。
因此，每条指令产生 2 * (1/100) = 1/50 次未命中。
缓存未命中时，处理器会延迟额外的 2000 纳秒。由于总线仅在延迟的一半时间内用于服务缓存未命中，因此处理器占用总线的时间为 1000 纳秒/次未命中。
所以，每条指令占用总线的时间为 (1/50) * 1000 = 20 纳秒。
现在我们知道：
处理器在命中缓存的情况下，每条指令的执行时间为 500 纳秒。
处理器占用总线的时间为 20 纳秒/条指令。
因此，一个单独的处理器占用总线容量的比例为：
20 纳秒 / (500 纳秒 + 20 纳秒) = 20 / (520) = 1 / 26
上述选项中没有 1/26，但它最接近选项 (B) 1/27。因此，答案是 (B) 1/27。"
"在对新生儿进行遗传测试时，发现了一种罕见的X连锁隐性遗传疾病。关于这种疾病的谱系图，以下哪种说法可能是正确的？
(A) 母系的所有后代都会患上该病。
(B) 在这个家族中，女性患病的比例将大约是男性的两倍。
(C) 受影响的男性的所有女儿都会患病。
(D) 患病的男性和女性的分布将是相等的。",`生物`,c,根据该题干提供的信息，可能正确的说法是：(B) 在这个家族中，女性患病的比例将大约是男性的两倍。因为该疾病为X连锁隐性遗传疾病，意味着患病的基因位于X染色体上，并表现出隐性遗传模式。由于女性有两条X染色体，而男性只有一条X染色体和一条Y染色体，所以女性携带该基因的概率会高于男性。因此，在该家族中，女性患病的比例大约是男性的两倍。其他选项在该题干提供的信息下都是不正确的。,"(C) 受影响的男性的所有女儿都会患病。
在X连锁隐性遗传疾病中，受影响的男性（X^AY）将把他的X染色体传给他所有的女儿（X^AX^a），从而使她们成为携带者。受影响男性的儿子将得到他的Y染色体（X^AY），而不受这种疾病的影响。因此，受影响的男性的所有女儿都将成为携带者，但不一定都会表现出病症。"
"为什么防病毒扫描器无法发现Heartbleed的利用？
(A) 这是一个无意义的问题：Heartbleed只能读取缓冲区外的内容，因此没有可能的利用。
(B) 防病毒扫描器往往寻找病毒和其他恶意软件。
(C) Heartbleed攻击防病毒扫描器本身。
(D) 防病毒扫描器往往寻找病毒和其他恶意代码，但Heartbleed利用可窃取秘密而无需注入任何代码。",`计算机`,d,D) 防病毒扫描器往往寻找病毒和其他恶意代码，但Heartbleed利用可窃取秘密而无需注入任何代码。Heartbleed是一种漏洞，攻击者可以利用它读取OpenSSL加密系统中的内存，从而获取密钥和其他敏感信息。这种利用方法不需要注入任何恶意代码，因此防病毒扫描器通常无法检测到Heartbleed的利用。相反，需要使用漏洞扫描器或其他特定工具来检测和修复这种漏洞。,"(D) 防病毒扫描器往往寻找病毒和其他恶意代码，但Heartbleed利用可窃取秘密而无需注入任何代码。
Heartbleed是一个著名的OpenSSL安全漏洞，它允许攻击者通过不安全的TLS/SSL连接获取服务器和客户端之间的敏感信息，例如私钥、密码和个人信息。由于Heartbleed不涉及病毒或恶意代码的注入，而是利用了OpenSSL库中的漏洞，防病毒扫描器可能无法检测到Heartbleed的利用。"
"一个模型飞机，当它逆风飞行时速度较慢，顺风时速度较快。当以垂直于风向的方式起飞时，相对于静止空气飞行的地速为：
(A) 相同
(B) 更快
(C) 更慢
(D) 根据风速可能是更快或更慢",`物理`,b,正确答案是(A) 相同。当模型飞机垂直于风向起飞时，风对于它的速度不会产生影响，因此其地速将等于其空速，即相对于静止空气的速度。无论是逆风还是顺风，这个速度都将保持不变，因此地速也不会受风速影响而改变。,(D) 根据风速可能是更快或更慢当模型飞机垂直于风向飞行时，风速会对其地速产生影响。如果风速较小，可能对地速的影响不大。然而，如果风速较大，地速可能会受到更显著的影响。因此，相对于静止空气飞行的地速可能更快或更慢，具体取决于风速。
截至2017年，全球1岁的儿童中有多少已接种某种疾病的疫苗？,`医学`,80%,据世界卫生组织（WHO）统计，截至2017年，全球有约89%的1岁儿童已接种了至少一种疾病的疫苗。这是一个令人鼓舞的数字，表明了疫苗接种在预防疾病方面的重要性和成功性。,截至2017年，全球约有85%的1岁儿童接种了某种疾病的疫苗。这一数据主要是针对三剂联合疫苗（包括百日咳、白喉和破伤风疫苗）的全球覆盖率。然而，请注意，这一比例可能因地区和国家的不同而有所差异。在某些国家和地区，疫苗接种率可能高于这个数字，在另一些国家和地区，疫苗接种率可能较低。
"同源结构经常被引用作为自然选择过程的证据。以下所有的结构都是同源结构，除了
(A) 鸟的翅膀和蝙蝠的翅膀
(B) 鲸鱼的鳍和人的手臂
(C) 海豚的胸鳍和海豹的鳍
(D) 昆虫的前腿和狗的前肢",`生物`,d,选项 D 昆虫的前腿和狗的前肢不是同源结构。,"(A) 鸟的翅膀和蝙蝠的翅膀
同源结构是指具有相似结构、起源和发育过程的生物器官，但在不同物种中可能具有不同的功能。这些相似结构表明这些物种可能拥有共同的祖先。鸟的翅膀和蝙蝠的翅膀并非同源结构，而是类似功能的异源结构。虽然它们都是飞行器官，但它们的骨骼结构和起源并不相同。鸟类翅膀的骨骼基于前肢，而蝙蝠的翅膀由手指延长和皮膜连接而成。这种相似性是由于趋同进化，即不同物种独立地演化出相似的适应特征。"
"从溶解度定理中，以下哪个陈述是正确的？
(A) 所有的氯化物、溴化物和碘化物都是可溶的
(B) 所有的硫酸盐都是可溶的
(C) 所有的氢氧化物都是可溶的
(D) 所有含铵的化合物都是可溶的",`化学`,d,从溶解度定理中，以下哪个陈述是正确的？正确答案是(D) 所有含铵的化合物都是可溶的。溶解度定理表明，对于任何化合物，其在一定温度下溶解的最大量是有限的。不同的化合物具有不同的溶解度，这取决于化合物的特性以及溶液中的其他物质。因此，答案(A)和(B)都是错误的，因为并非所有的氯化物、溴化物、碘化物和硫酸盐都是可溶的。另外，答案(C)也是错误的，因为并非所有的氢氧化物都是可溶的，一些金属氢氧化物如铝氢氧化物是不可溶的。而答案(D)则是正确的，因为所有含铵的化合物都是可溶的，如铵盐、铵气等。,"(D) 所有含铵的化合物都是可溶的
溶解度定理是一套经验性规则，用于预测在水中哪些无机盐是可溶的，哪些是不可溶的。通常情况下，含铵（NH4+）的化合物在水中是可溶的。其他选项中的陈述并不完全正确，因为某些特定的化合物可能是例外。例如，并非所有的氯化物、溴化物和碘化物都是可溶的（例如银、铅和汞的卤化物通常是不溶的）；并非所有的硫酸盐都是可溶的（例如钡硫酸盐（BaSO4）是不溶的）；并非所有的氢氧化物都是可溶的（例如铝氢氧化物（Al(OH)3）和铁氢氧化物（Fe(OH)3）是不溶的）。"
舌骨的胚胎学起源是什么？请在以下选项中选择：(A) 第一鳃弓 (B) 第一和第二鳃弓 (C) 第二鳃弓 (D) 第二和第三鳃弓,`生物`,d,舌骨的胚胎学起源是第一和第二鳃弓。在人类发育的早期阶段，头部和颈部的解剖结构主要来自于鳃弓，而舌骨是由第一和第二鳃弓中的骨骼元素发展而来。在胚胎期间，这些骨骼元素会经历复杂的变化和移动，最终形成成人后的舌骨。,舌骨的胚胎学起源是 (B) 第一和第二鳃弓。
"为什么在小行星带所在的地方没有行星呢？请选择：
(A) 有一颗行星曾经在这里形成，但被一次灾难性的碰撞摧毁了。
(B) 在太阳系星云的这个区域内没有足够的物质形成一颗行星。
(C) 这里有太多的岩石物质，无法形成类地行星，但又没有足够的气态物质形成类木行星。
(D) 木星的共振阻止物质聚集形成行星。",`天文`,d,在小行星带所在的地方没有行星是因为选项 (C)：这里有太多的岩石物质，无法形成类地行星，但又没有足够的气态物质形成类木行星。在太阳系形成初期，行星和小行星都是由太阳系星云中的物质聚集形成的。在小行星带所在的区域，岩石物质比较丰富，但是气态物质不足，因此没有足够的物质来形成一个大型的行星。相反，岩石物质不够稠密，也不足以聚集成一个像木星这样的气态行星。这导致小行星带成为了一个由大量小型天体组成的区域。,(D) 木星的共振阻止物质聚集形成行星。
作为一个医生，在将工作交给资深同事之前，您应该尝试给病人插管多少次？(A) 4 (B) 3 (C) 2 (D) 1,`医学` `职业道德`,c,作为一个医生，在将工作交给资深同事之前，您应该尝试给病人插管多少次，最好是至少尝试两次，因此答案是选项 (C) 2。尽管插管是一项非常基本的医疗技能，但是由于各种原因，有时可能会遇到插管失败的情况。在这种情况下，医生应该重新评估病人的情况，并考虑是否需要将任务交给资深的同事来完成。,这个问题没有绝对的答案，因为在尝试给病人插管的次数方面，医生的决定可能因个人技能、经验和病人状况而异。然而，在许多情况下，如果在2次尝试后仍然无法成功插管，医生可能会考虑将任务交给资深的同事。因此，选择 (C) 2 次可能是一个合理的答案。然而，实际操作中，请根据您的专业判断和具体情况来决定。
"在人口转型模型的第三阶段，以下哪项是正确的？
(A) 出生率增加，人口增长率减缓。
(B) 出生率下降，人口增长率减缓。
(C) 出生率增加，人口增长率增加。
(D) 出生率下降，人口增长率增加。",`人口结构`,b,在人口转型模型的第三阶段，出生率下降，人口增长率减缓。因此，选项 (B) 是正确的。在第三阶段中，随着经济和社会的发展，生育率逐渐下降，人们更多地关注个人事业发展，而不是家庭规模。此外，教育水平的提高和对妇女权利的重视也会对生育率产生影响。因此，人口增长率逐渐减缓，但人口总数仍在增加，直到进入第四阶段。,"(B) 出生率下降，人口增长率减缓。
人口转型模型描述了一个国家或地区人口发展和变化的四个阶段。在第三阶段，随着经济发展和社会现代化，生育观念和家庭规模发生变化，导致出生率下降。同时，由于医疗和卫生条件的改善，死亡率继续保持较低水平。因此，在第三阶段，出生率和死亡率之间的差距变小，人口增长率减缓。"
"以下哪项不包括在美国GDP中？
(A) 美国军队在一个外国开设新基地，并驻扎了1000名美国人员。
(B) 日本消费者购买了数千张在美国制作的CD。
(C) 一位美国流行歌手在巴黎举办了一场门票售罄的音乐会。
(D) 一部法国戏剧作品巡演美国数十个城市。",`经济学`,c,(A) 美国军队在一个外国开设新基地，并驻扎了1000名美国人员不包括在美国GDP中。,(C) 一位美国流行歌手在巴黎举办了一场门票售罄的音乐会。这个选项中的活动发生在美国之外，因此不包括在美国的GDP中。GDP是衡量一个国家内部生产的货物和服务总价值，所以在其他国家发生的经济活动不会被计算在美国的GDP内。
一名33岁的男子因甲状腺癌接受了根治性甲状腺切除术。在手术过程中，由于中度出血，需要结扎左侧颈部的几条血管。术后，血清研究显示钙浓度为7.5 mg/dL，白蛋白浓度为4 g/dL，甲状旁腺激素浓度为200 pg/ml。以下哪条血管的损伤导致了该患者现在的情况？,`医学`,甲状旁腺动脉,该患者接受了根治性甲状腺切除术，因此可能已经切除了甲状腺。甲状腺切除术可能会损伤颈部的甲状旁腺，甲状旁腺负责维持血钙水平，因此甲状旁腺损伤可能会导致低钙血症。在这个患者的病例中，血清钙浓度为7.5 mg/dL，正常范围为8.5-10.5 mg/dL，这表明患者出现了低钙血症。而血清甲状旁腺激素（PTH）浓度升高，这表明患者的甲状旁腺正在努力释放PTH以提高血钙水平。因此，该患者的研究结果提示甲状旁腺已经受损或被切除。综上所述，颈部甲状旁腺的损伤导致了该患者的研究结果。,患者的血钙水平较低（正常范围约为8.5-10.5 mg/dL），并且甲状旁腺激素（PTH）水平升高（正常范围约为10-65 pg/mL），这很可能是因为手术过程中损伤了甲状旁腺导致的。甲状旁腺位于甲状腺后面，通常有4个，它们负责维持钙代谢的平衡。当甲状旁腺受损或无法正常工作时，PTH分泌受到影响，进而导致钙代谢失衡。在甲状腺手术过程中，可能损伤到负责供应甲状旁腺血液的血管，这条血管就是甲状旁腺动脉。甲状旁腺动脉通常是从上、下甲状动脉分出的一个分支。因此，在这种情况下，损伤导致患者血钙降低和PTH升高的血管很可能是甲状旁腺动脉。
《大云经》预言了谁的来临？,`宗教`,弥勒佛 (Milo),据传，《大云经》是佛教密宗的经典之一，也是藏传佛教最重要的经典之一。根据该经典，未来将会出现一位名为“弥勒”的佛陀，他将会降临世间，为众生带来智慧和福祉。据信，弥勒佛是如来释迦牟尼的助手和继承者，在释迦牟尼佛降生的2500年后出现，以度化众生，解除人间的苦难。他被认为是慈悲和智慧的化身，将在末法时期降临世间，拯救众生于水深火热之中。在藏传佛教中，《大云经》也被视为预言了第十四世达赖喇嘛的来临。因为在该经典中，弥勒佛被描述为一个教导和领导众生的智者，而达赖喇嘛也被视为藏传佛教的领袖和精神导师。因此，有些人相信，达赖喇嘛可能是弥勒佛的化身或者是弥勒佛的接班人。,《大云经》(The Great Cloud Sutra) 是一部佛教经典，全名为《大方广佛华严经·大势至菩萨忏悔普门品》。然而，关于《大云经》预言了哪个人的即将到来，并没有明确的记录或普遍认同的解释。佛教文献中的预言通常与佛陀或菩萨的转世或出现有关，但是《大云经》并没有明确预言某个特定人物的到来。如果您需要了解其他佛教文献中的预言，可以提供更多背景信息，以便我们更准确地回答您的问题。
一项针对糖尿病患者的观察性研究评估了血浆纤维蛋白原水平增加对心脏事件的风险。 在60名具有正常基底血浆纤维蛋白原水平的患者中，有20人发展为急性冠状动脉综合征，40人没有发展为急性冠状动脉综合征。 在70名基底蛋白原水平较高的患者中，40人患上了急性骨髓瘤综合征，30人没有。基底蛋白原水平较高的患者与基底蛋白原水平正常的患者患病的风险分别是多少？,`数学`,(40*70)/(20*60),在这个研究中，基底血浆纤维蛋白原水平正常的患者中，有 20/60 = 1/3 的患者发展为急性冠状动脉综合征。因此，基底血浆纤维蛋白原水平正常的患者患急性冠状动脉综合征的风险为 1/3。另一方面，基底蛋白原水平较高的患者中，有 40/70 的患者患上了急性骨髓瘤综合征。因此，基底蛋白原水平较高的患者患急性骨髓瘤综合征的风险为 40/70 = 4/7。因此，基底蛋白原水平较高的患者患急性骨髓瘤综合征的风险比基底血浆纤维蛋白原水平正常的患者患急性冠状动脉综合征的风险高，约为 (4/7) / (1/3) = 12/7，即基底蛋白原水平较高的患者患急性骨髓瘤综合征的风险是基底血浆纤维蛋白原水平正常的患者患急性冠状动脉综合征的风险的约 1.7 倍。,"为了计算糖尿病患者在不同基线纤维蛋白原水平下患急性冠状动脉综合征（而非急性骨髓瘤综合征，这可能是输入错误）的风险，我们需要使用给定数据计算风险比。
首先，我们来计算患病风险：
正常基线纤维蛋白原水平的患者：20人发展为急性冠状动脉综合征，共60人。因此，患病风险 = 20/60 = 1/3 ≈ 0.333。
较高基线纤维蛋白原水平的患者：40人发展为急性冠状动脉综合征，共70人。因此，患病风险 = 40/70 ≈ 0.571。
因此，基底纤维蛋白原水平较高的患者患急性冠状动脉综合征的风险约为57.1%，而基底纤维蛋白原水平正常的患者患病风险约为33.3%。"
国会为什么反对威尔逊的国家联盟提案？,`历史`,,美国总统威尔逊在一战后提出了国家联盟（League of Nations）的提案，旨在通过建立一个国际组织来维护全球和平和安全。然而，国会反对该提案的主要原因有以下几个：国内反对意见：一些国会议员认为该提案将削弱美国的主权和独立性，并可能危及美国的利益和安全。他们反对将美国的外交政策和军事事务置于一个国际组织的管理之下，而不是由美国自己来处理。保护主义情绪：一些国会议员和民众认为，美国不应该承担世界警察的角色，而应该将自己的资源和精力用于国内问题的解决。他们担心参与国家联盟将会使美国卷入更多的国际冲突，这将会对美国经济和社会造成不利影响。党派分歧：国会中的一些共和党议员认为，威尔逊是个民主党总统，国家联盟提案只是他的一项政治议程，他试图通过它来加强他的权力和影响力。因此，这些共和党议员反对这个提案，是为了遏制威尔逊的权力和民主党的影响力。最终，由于上述原因，国会未能批准威尔逊的国家联盟提案。但是，在二战结束后，国际社会再次寻求建立一个国际组织来维护和平与安全。这导致了联合国的成立，它是一个拥有全球影响力的国际组织，包括了大多数国家的成员。,你提到的“国家联盟”实际上是指“国际联盟”（League of Nations），这是美国总统伍德罗·威尔逊（Woodrow Wilson）在第一次世界大战后提出的一个概念，旨在维护世界和平与安全。然而，这一提案在美国国会遭到了强烈反对，主要原因如下：主权问题：许多美国参议员担心加入国际联盟可能损害美国的主权。他们认为，根据联盟宪章，美国可能会被迫参加国际争端，从而使美国陷入不必要的战争。这种观点在国会中的孤立主义者（isolationists）和强烈反对国际干预的议员中尤为普遍。领导权争议：美国参议院多数党领袖亨利·卡博特·洛奇（Henry Cabot Lodge）和其他参议员对威尔逊及其国际政策持批评态度。洛奇对美国在国际事务中的领导地位感到担忧，担心国际联盟会削弱美国在世界舞台上的地位。政治分歧：威尔逊是民主党人，而当时的参议院由共和党人控制。这种政治分歧也影响了国际联盟提案在国会中的审议。洛奇和其他共和党参议员提出了一系列修正案，这些修正案要求对国际联盟宪章进行修改，以保护美国的主权和利益。威尔逊的个人因素：威尔逊在推动国际联盟议案的过程中，没有充分与参议院沟通和妥协。他坚决反对对国际联盟宪章进行任何修改，这使得国会对他的提案更加抗拒。最终，美国国会未批准国际联盟提案，美国也未加入国际联盟。这一事件显示了美国政治体系中行政与立法部门之间的权力制衡和博弈。
差分关联/差别接触理论是什么？,`社会学`,,差分关联理论（Differential Association Theory）是一种社会学理论，它解释了为什么人会变成犯罪分子以及如何在社会环境中预防犯罪行为。该理论由美国学者埃德温·桑德斯·苏泽曼（Edwin Sutherland）在1939年提出。差分关联理论认为，犯罪行为是在社会交往中习得的。它主张，个体的犯罪行为取决于他们在社会中所处的环境，包括他们与家庭、朋友、同事等人的关系，以及他们所接受的价值观、信仰和行为模式。苏泽曼认为，人们从亲密的社交关系中获得了有关犯罪行为的信息和技能，如果这些信息和技能是支持犯罪行为的，那么他们就更有可能从事犯罪行为。相反，如果人们接受的信息和技能是反对犯罪行为的，那么他们就更有可能遵守法律和规则。差分关联理论提出了预防犯罪的方法，包括建立积极的社交关系、提供有价值的信息和技能、加强社会控制和规范，以及加强正义感和责任感等。这些方法有助于在社会中形成反对犯罪的价值观和行为模式，从而预防犯罪行为的发生。尽管差分关联理论受到了一些批评，但它仍然被认为是犯罪学和社会学中最重要的理论之一，对于了解犯罪行为的成因以及预防犯罪行为有着重要的指导作用。,差分结合理论（Differential Association Theory）是一种犯罪学理论，由美国社会学家埃德温·萨瑟兰（Edwin Sutherland）于20世纪30-40年代提出。这一理论主要解释了个体如何学会犯罪行为，并在何种情况下选择犯罪。差分结合理论强调了个体通过与周围环境中的其他人互动，特别是与亲密关系人士互动，从而学会犯罪行为的过程。差分结合理论包含以下几个核心观点：犯罪行为是一种学到的行为：该理论认为，犯罪行为与任何其他社会行为一样，是个体通过社会化过程学到的。与他人的互动：个体学习犯罪行为是通过与其他人的互动进行的，特别是与那些具有亲密关系的人，如家庭成员、朋友、同事和邻居。差分结合过程：个体在社会互动中，会接触到既有积极的法律遵从态度，也有消极的法律违反态度。差分结合理论认为，个体的犯罪行为取决于他们接触到的积极和消极态度的相对数量。学习技术和态度：在这种互动过程中，个体不仅学会犯罪的技巧和策略，还学会对犯罪行为的合理化、态度和价值观。犯罪行为的选择：个体在特定情况下选择犯罪行为取决于他们在过去的互动中所学到的犯罪态度和技术。如果一个人接触到的犯罪倾向较强的人群较多，那么他们犯罪的可能性就更大。总之，差分结合理论解释了犯罪行为是如何通过与他人的互动和社会化过程学到的，以及个体在何种情况下选择犯罪。该理论为犯罪预防提供了有益的见解，强调了家庭、教育和社会环境在预防犯罪行为中的重要作用。
《化学武器公约》（CWC）禁止拥有和使用化学武器；然而，它没有执行要求签署国申报其现有化学武器库存、确认曾经参与化学生产的设施，或宣布现有库存将被销毁的规定，这是为什么？,`法律` `行为心理学`,,《化学武器公约》（CWC）的目标是禁止拥有和使用化学武器，并通过实施国际监督和核查机制来确保其遵守。该公约的缺陷之一是，它并没有要求签署国申报其现有化学武器库存，或确认曾经参与化学生产的设施，或宣布现有库存将被销毁。这是因为在公约谈判和签署的过程中，一些国家担心这些要求会侵犯其国家安全和机密信息。一些国家认为，如果它们公开其现有的化学武器库存，那么它们就会受到其他国家的威胁和攻击。此外，这些要求可能会对一些国家的军事、经济和技术实力造成不利影响，因为它们可能需要公开某些敏感信息或技术。另外，尽管《化学武器公约》没有要求签署国公开其现有化学武器库存，但该公约规定了一系列实施国际监督和核查机制，以确保签署国遵守公约。这些机制包括：设立技术和管理委员会，组织和实施巡视和核查活动，制定和执行国家实施计划等。这些机制确保了公约的有效实施，即使签署国没有公开其现有化学武器库存，也能够有效地遏制和防止化学武器的使用和扩散。,"《化学武器公约》（Chemical Weapons Convention, CWC）实际上包含了关于申报、确认和销毁化学武器库存的规定。CWC是一个国际条约，旨在禁止发展、生产、储存、转让和使用化学武器，并推动化学武器的销毁。该公约于1997年生效，并由组织禁止化学武器（OPCW）监督执行。根据CWC的规定，缔约国必须：向OPCW申报其在公约生效时拥有的化学武器库存。申报曾经参与化学武器生产的设施，包括生产、加工和消耗设施。制定并实施具体的化学武器销毁计划，以便在规定时间内销毁所有化学武器和生产设施。OPCW负责监督缔约国履行这些义务，确保化学武器的销毁进程透明、有效且安全。如果一国未能遵守CWC的规定，OPCW和其他缔约国可以采取相应的措施，包括制裁和其他外交手段，以确保公约的目标得到实现。因此，CWC确实包含了关于申报、确认和销毁化学武器库存的规定。这些规定有助于促进国际安全，防止化学武器的扩散和使用。"
你为一家公用事业公司工作，该公司正在社区建设一个生物质能发电厂。你的雇主要求你做一系列关于该工厂和未来运作的社区讲座。在你要发表演讲的几个小时前，你参观了工厂，演讲稿是由你的直接主管准备的。在参观工厂的过程中，你发现演讲中的一些说法并不真实。你会怎么做？,`行为心理学`,,如果在参观生物质能发电厂的过程中发现演讲中的某些说法不真实，我会采取以下措施：立即向直接主管反映：我会尽快与我的直接主管联系，向他反映我在参观工厂时所发现的不真实之处。我会尽可能提供详细的信息和证据，以确保直接主管能够及时纠正并更新演讲稿。尽量减少错误的传播：如果没有及时纠正，我会在演讲中避免提到这些不真实之处。我不想错误地向社区传播错误的信息，因为这会损害我们公司的信誉和声誉。调查原因：我会询问直接主管为什么演讲稿中包含了不真实之处。这有助于我更好地理解我们公司的立场和意图，以及如何更好地传达真实信息。寻求反馈：我会在演讲后向听众征求反馈和意见。这有助于我了解听众对我们公司和生物质能发电厂的态度和看法，并帮助我更好地准备和更新未来的演讲。,在这种情况下，诚信和透明度是非常重要的。你作为公司的代表，需要确保向社区提供准确和真实的信息。以下是一些建议：与你的直接主管沟通：首先，立即与你的直接主管讨论你在参观过程中发现的问题。询问他们关于这些不真实陈述的来源，并表达你对提供准确信息的关切。请他们提供澄清或更新的信息。请求修改演讲稿：要求你的主管修改演讲稿，以反映真实情况。解释为什么这些更改很重要，因为提供错误的信息可能会损害公司的声誉，导致公众不信任。准备备选方案：如果你的主管无法立即修改演讲稿，可以自己尝试修改有问题的部分，以确保信息的准确性。在可能的情况下，向其他知情的同事或专家求证。演讲中保持诚实：在演讲过程中，确保传达准确的信息。避免传播任何误导性的说法。如果你不确定某个事实的准确性，可以在演讲中表示你将进一步核实并向听众提供确切的信息。回答问题时要诚实：在问答环节，如果听众提问关于你认为不真实的说法，请坦诚回答你的观点和你发现的问题。承诺向公司寻求更多信息，并与听众保持联系以提供更新。向公司反馈：演讲结束后，向你的上级和相关部门反馈这一问题，强调提供准确信息的重要性。建议公司改进内部沟通和信息核实流程，以避免类似情况的再次发生。通过采取这些措施，你可以在维护公司声誉的同时，确保社区获得准确的信息。
最有可能使打人和撕毁教科书的孩子的行为立即得到改善的治疗方案是？,`心理治疗`,对适当的行为进行强化，对不适当的行为进行温和的惩罚，两者相结合。,要使打人和撕毁教科书的孩子的行为立即得到改善，最有效的治疗方案可能是应用正向强化的行为治疗方法。该方法基于强化理论，旨在增强或巩固积极行为，并减少或消除消极行为。具体来说，正向强化的行为治疗方法包括以下步骤：指定目标行为：制定一个清晰的目标行为，例如不打人和不撕毁教科书。制定奖励措施：确定一些积极的奖励，例如物质奖励、表扬、特权、兴趣活动等。这些奖励应与孩子所做的积极行为相对应，并能够激励孩子继续表现出积极行为。实施奖励措施：在孩子表现出积极行为时，及时给予奖励。这有助于增强孩子的积极行为，并使其更有可能重复这种行为。监控和反馈：监控孩子的行为，并及时给予反馈。这有助于孩子了解他们的行为如何受到认可，并鼓励他们表现出更多积极的行为。这种治疗方法是基于积极强化，而非惩罚，从而避免对孩子产生不良影响。同时，它能够立即产生改善效果，激励孩子表现出更多积极的行为。当然，这种治疗方法需要持续的监控和反馈，以确保孩子的行为能够持续改善。,我不是心理治疗专家，但我可以向您提供一些建议。针对打人和撕毁教科书这类行为问题的孩子，立即采取行动进行干预是非常重要的。这里有一些建议的治疗方案，但最好咨询专业人士的意见，以确保找到最适合孩子的方法：行为疗法：行为疗法旨在通过奖励积极行为和纠正消极行为来改变孩子的行为模式。在这种治疗方案中，家长和教师将密切合作，对孩子的行为进行观察和评估，以便及时采取适当的干预措施。认知行为疗法（CBT）：CBT是一种以思考和行为之间的关系为基础的心理治疗方法。它可以帮助孩子认识到自己的想法和信仰如何影响他们的行为，并学会用更积极的方式去应对问题。家庭治疗：家庭治疗可以帮助家庭成员之间建立更好的沟通和理解，以便更有效地应对孩子的行为问题。家庭治疗可能包括技能培训、情感支持和冲突解决策略。社会技能训练：社会技能训练可以帮助孩子学会更好地与他人相处，减少攻击性行为。这些训练可能包括沟通技巧、情绪调节和团队合作等方面。药物治疗：在某些情况下，药物治疗可能有助于控制孩子的行为问题。然而，药物治疗应在专业医生的建议和监督下进行，并与其他心理治疗方法结合使用。请注意，每个孩子的情况都是独特的，因此最有效的治疗方案可能因个体而异。建议与心理治疗专家、教育专家和医生合作，以确定最适合孩子的治疗方法。
一名63岁的男子被送到急诊科，因为他有4天的左腿疼痛和左小腿肿胀的历史。他还有1个月的上中胸背痛病史。在此期间，他的体重下降了9公斤（20磅），但食欲没有变化。他没有重大疾病的病史。他的唯一药物是布洛芬。他身高180厘米（5英尺11英寸），体重82公斤（180磅）；BMI为25公斤/平方米。他的生命体征在正常范围内。检查时，可以触摸到双侧下肢的脉搏。体格检查的其他部分没有发现异常。胸椎的X光片显示没有异常。腹部CT扫描显示胰腺体内有一个3厘米的肿块；有肝脏转移和肠系膜上动脉被包裹。左下肢的超声检查显示有股骨头静脉血栓。该患者症状的最可能原因是什么？,`医学`,晚期恶性肿瘤引起的高凝血症,该患者的症状和检查结果提示可能有以下几种疾病：深静脉血栓形成：左下肢的超声检查显示有股骨头静脉血栓。这可能是左腿疼痛和左小腿肿胀的原因。胰腺癌：腹部CT扫描显示胰腺体内有一个3厘米的肿块，并有肝脏转移和肠系膜上动脉被包裹。这可能是体重下降和上中胸背痛的原因。其他肿瘤：肝脏转移提示可能存在其他肿瘤。综合考虑，该患者的症状和检查结果可能是由胰腺癌和深静脉血栓形成引起的。胰腺癌可能导致体重下降和上中胸背痛，而深静脉血栓形成可能导致左腿疼痛和左小腿肿胀。建议该患者接受更进一步的检查和治疗，以便进一步确认诊断和治疗。,我不是医生，但根据您提供的信息，这名患者的症状可能与胰腺癌有关。胰腺癌常常在晚期才被发现，因为它的症状可能很难识别。在这种情况下，患者的体重下降、背部疼痛和腹部 CT 扫描显示的胰腺肿块以及肝脏转移可能都是胰腺癌的迹象。此外，左下肢的超声检查显示的股骨头静脉血栓可能与癌症相关。癌症患者有较高的血栓形成风险，这可能是他左腿疼痛和肿胀的原因。然而，这仅仅是根据您提供的信息所作的推测。在得出确切诊断之前，患者应接受进一步的检查和实验室检查，并咨询医生。
在汤姆考试的前一天晚上，隔壁的邻居举行了一次聚会，音乐让他无法入睡，他给邻居打了电话，请她不要吵，邻居却突然挂断了电话。 汤姆并不打算射杀任何人，只是将枪口对准邻居天花板的一个角度，他很想对邻居的房子造成一些破坏，以缓解他的愤怒。 然而，子弹从天花板上弹出，击中了一个人的背部，导致他死亡。请问汤姆是否犯了罪，是什么罪？,`法律`,谋杀,汤姆犯了罪，罪名是过失杀人。根据情景描述，汤姆的行为是不合法和危险的。他没有理由或合法权利使用枪支，并且他没有采取适当的预防措施来确保他的行为不会危及他人的生命。虽然他没有意图射杀任何人，但他的行为不负责任和危险，最终导致了一个人的死亡。根据过失杀人罪的定义，如果一个人的行为不合法、危险和不负责任，并且导致他人死亡，那么他可以被控以过失杀人罪。在这种情况下，由于汤姆的行为不当导致了另一个人的死亡，他可以被控以过失杀人罪。,我不是律师，但我可以提供一些一般性的信息。在这种情况下，尽管汤姆没有打算杀死任何人，但他的行为可能导致了他被控以刑事罪。具体的罪名可能因司法管辖区和具体法律而异。以下是一些可能的罪名：1. 过失杀人：过失杀人通常是指因疏忽或过失导致他人死亡的行为。在这种情况下，尽管汤姆没有意图杀死他的邻居，但他在愤怒和无法入睡的情况下，决定向天花板开枪可能被视为疏忽或过失行为。2. 二级谋杀或误杀：这些罪名的具体定义因司法管辖区而异，但通常涉及在没有预谋的情况下故意进行危险行为，从而导致他人死亡。在汤姆的情况下，尽管他没有打算杀死任何人，但他的行为可能被认为足够危险，以至于可能导致他人死亡。请注意，具体的罪名和法律解释可能因国家、州或地区而异。要获得关于这种情况的法律建议，请咨询专业律师。
根据德国法律，我作为一个居住在慕尼黑，单身且抚养3个未成年儿童的母亲，每年的收入约为 8 万欧元，住房费用约 2 万欧元，我的年缴税额与所应申请的补贴如何计算？,`税务`,,"根据您提供的信息，我们可以假设您的收入来自工资或薪金。在德国，个人所得税是根据您的收入水平来计算的，并且随着您的收入增加，税率也会相应增加。此外，如果您是未成年子女的法定监护人，您还有资格获得儿童津贴和单亲家庭补贴。以下是根据您提供的信息所得出的大致计算结果：个人所得税：根据2023年的德国税收档案，您每年的收入为8万欧元，扣除2万欧元的住房费用后，应缴纳的个人所得税约为9,471欧元。儿童津贴：作为法定监护人，您有资格申请儿童津贴。根据2023年的德国儿童津贴标准，您的三个未成年儿童每月可获得219欧元的津贴，即每年总共可获得7,884欧元的津贴。单亲家庭补贴：作为单亲家庭，您还有资格申请单亲家庭补贴。根据2023年的德国单亲家庭补贴标准，您的收入水平可以获得适当的补贴。具体数额取决于您的收入水平和子女人数，但最高可达每年1,908欧元。因此，您的年缴税额约为9,471欧元，同时您可以获得总共约16,792欧元的儿童津贴和单亲家庭补贴。请注意，这些数字仅供参考，具体数额可能会因各种因素而有所不同，例如您是否有其他收入来源，您的税前工资总额，以及您所在州的税收政策等等。","在德国，税收包括所得税、教育补助等，补贴则涉及到住房补贴、育儿补贴、家庭补贴等。以下是一些基本信息，但请注意，这些信息可能随着政策的调整而发生变化。要获得更详细的信息，请咨询德国税务局或相关部门。请注意，以下计算只是一个简化版的概括，具体的税收和补贴数额可能因个人情况而异。所得税：德国采用累进税率制度，所得税根据年收入计算。在2021年，税率如下：9,744欧元以下：免税9,744 - 57,918欧元：14% - 42%（逐级增加）57,919 - 274,612欧元：42%274,613欧元以上：45%作为一个单亲抚养三个未成年儿童的母亲，你的税收可能会有所减免。具体税收数额需要根据你的年收入、家庭状况和其他税收抵免来计算。教育补助（Kindergeld）：对于前两个孩子，每个孩子每月的教育补助分别为204欧元（2021年数据），第三个孩子的补助为210欧元。因此，每年你可以获得（204 * 2 + 210）* 12 = 7,392欧元的教育补助。住房补贴（Wohngeld）：住房补贴是根据家庭收入和住房费用来计算的。具体的住房补贴数额因个人情况而异，需要向当地的社会福利机构申请以确定是否有资格获得这些补贴。育儿补贴（Elterngeld）：育儿补贴通常为父母收入的65%至100%，最低为300欧元，最高为1800欧元。育儿补贴的申请和发放与所在地区的相关部门有关。请注意，这种补贴通常在孩子出生后的前12到14个月内提供，取决于家长是否选择分摊育儿假。以上信息仅供参考。为了确保准确性，请咨询德国税务局或相关部门。"
研究人员现在认为，造成玛雅文明衰落的原因主要是：(A)某种类型的地震、火山或海啸。(B)刀耕火种造成的生态退化。(C)无休止的战争。(D)导致先天性疾病增加的繁育方式。,`历史`,B,研究人员现在认为，造成玛雅文明衰落的原因主要是(B)刀耕火种造成的生态退化、(C)社会和政治动荡和(D)疾病和战争等因素，而并非(A)某种类型的地震、火山或海啸，也不是(D)导致先天性疾病增加的繁育方式。尽管有一些证据表明，某些自然灾害可能对玛雅文明的衰落产生了影响，但是最新的研究表明，刀耕火种的生态破坏、社会和政治动荡和疾病和战争等人类因素是主要原因。,研究人员现在认为，造成玛雅文明衰落的原因主要是：(B)刀耕火种造成的生态退化。尽管其他因素如战争、疾病和自然灾害可能也在一定程度上影响了玛雅文明，但现代研究普遍认为生态退化是玛雅文明衰落的主要原因。大量的农业活动，尤其是刀耕火种，导致了严重的土壤侵蚀和森林破坏，进而影响到玛雅文明的农业产出和生活资源。随着资源的逐渐枯竭，玛雅城邦之间的竞争加剧，最终导致了文明的衰落。
"根据摩尔的 ""理想的功利主义""，正确的行动是能带来最大数量的什么？",`概念解释`,,"根据摩尔的 ""理想的功利主义""，正确的行动是能带来最大数量的幸福的行动。摩尔认为，幸福是最重要的道德目标，正确的行动应该是能够增加幸福的行动。同时，摩尔认为，幸福不能简单地通过数学计算来衡量，因为幸福是一种主观的、非量化的体验。因此，正确的行动应该是通过理智的思考和道德感受来确定的，而不是仅仅依赖于数量的计算。","根据摩尔（G. E. Moore）的""理想的功利主义""（Ideal Utilitarianism），正确的行动是能带来最大数量的美（或善）的行动。这种道德观点强调了对美和善的价值追求，而不仅仅是对快乐或幸福的追求。在这个观点下，道德正确的行为是那些能最大化诸如友谊、知识、美感、爱等内在价值的行为。"
"针对桑德尔的 ""社会正义 ""论点，卡玛尔认为：(A)即使我们有能力提高自己或他人的地位，我们也没有义务这样做。(B)在(i)选择一个人有某种特征和(ii)负责承担这种选择的成本之间是有区别的。(C)有选择地加强将导致更少的人需要别人的帮助的情况。(D)上述所有的情况",`社会学`,D,卡玛尔认为 (A) 即使我们有能力提高自己或他人的地位，我们也没有义务这样做。他认为社会正义不是指每个人都应该拥有相同的机会和资源，而是指每个人应该拥有一些最低限度的机会和资源，足以维持他们的基本需要和尊严。因此，选项 (A) 是正确的。选项 (B) 和 (C) 的观点都不是卡玛尔的。卡玛尔认为，在选择一个人有某种特征和负责承担这种选择的成本之间是没有区别的，并且加强选择不一定会导致更少的人需要别人的帮助。选项 (D) 中的观点也不是全都正确的，因为只有选项 (A) 是卡玛尔的观点。,根据您提供的选项，这里的论点似乎是关于公平、责任和选择。在这四个选项中，选项B和C更可能与卡玛尔针对桑德尔的“社会正义”论点的观点相符。这是因为：B) 这个选项强调了在选择一个人具有某种特征和负责承担这种选择的成本之间存在区别。这意味着即使我们有能力改变某人的地位，我们仍然需要考虑这种选择的后果和谁应该为这种选择承担成本。C) 这个选项提到有选择地加强将导致更少的人需要别人的帮助。这可能是指通过优化资源分配和改进现有制度，我们可以提高整体的社会福利。选项A和D则不是那么明确。选项A可能与卡玛尔的观点相符，但这取决于他如何看待道德义务和责任。选项D则表示上述所有观点都是正确的，但在这里，我们认为选项B和C更符合卡玛尔的观点。请注意，这些观点可能需要更详细的背景信息才能得出更明确的结论。
以下哪种病症不显示多因素遗传？(A)幽门螺杆菌病 (B)精神分裂症 (C)脊柱裂(神经管缺陷) (D)马凡斯综合征,`医学`,D,选项 (A) 幽门螺杆菌病不显示多因素遗传。解析：多因素遗传是指某种性状受多个基因和环境因素影响的遗传方式。精神分裂症、脊柱裂和马凡斯综合征 F 都是多因素遗传疾病。幽门螺杆菌病是由幽门螺杆菌引起的一种消化系统疾病，不是遗传疾病，因此不会显示多因素遗传。因此，选项 (A) 幽门螺杆菌病不显示多因素遗传。,"B) 精神分裂症 不显示多因素遗传。精神分裂症是一种慢性的精神疾病,它是由多种遗传素质和环境因素共同作用引起的。遗传因素只是其中的一部分,环境因素也可能对发病有一定的影响。而幽门螺杆菌病、精神分裂症、脊柱裂(神经管缺陷) 都是在遗传谱系中常见的疾病,显示多因素遗传的特征。"
社会上最容易受到参考群体影响的单一群体是：(A)感到有些被遗弃的老年消费者。(B)已婚妇女，她们中的许多人觉得自己的生活需要稳定。(C)新移民，他们希望能融入新文化。(D)儿童，他们的购买决定大多是基于外界的影响。,`社会学` `行为心理学`,D,答案是(D) 儿童，因为儿童通常没有完全形成独立的消费观念和价值观念，往往受到家庭、同龄人、广告等多方面的影响，而且他们的认知和理解能力相对较弱，容易被外界影响。相比之下，其他选项中的消费者群体可能更具有独立思考和自主选择的能力，虽然也会受到参考群体的影响，但相对程度可能更低一些。,(D)儿童，他们的购买决定大多是基于外界的影响。儿童在成长过程中，容易受到外部因素如家庭、朋友、广告和社交媒体的影响。他们在形成个人价值观和偏好时，很可能会效仿参考群体。
"根据Lewin, Lippet和White在1939年的实验，哪种领导形式让参与者产生了最多的工作？(A)自由放任 (B)民主 (C)独裁 (D)自由放任和民主的混合体",`政治`,C,"根据Lewin, Lippet和White在1939年的经典实验，研究参与者对不同领导形式的反应。实验中将参与者分为三组，每组由一位领导者引导。这三种领导形式是：自由放任、民主和独裁。实验结果表明，民主领导形式可以激励参与者产生最多的工作。在民主领导形式下，参与者可以更积极地参与决策制定，因此他们更有可能投入更多的努力和创造力。而在自由放任领导形式下，由于缺乏明确的指导和监督，参与者的工作表现相对较差。在独裁领导形式下，尽管领导者可以对参与者进行更严格的控制，但由于缺乏参与者的积极参与和反馈，也很难激发他们的工作动力。因此，选项B（民主）是正确答案。","(B)民主根据Lewin, Lippet和White在1939年的实验，民主领导形式让参与者产生了最多的工作。在这种领导风格下，领导者更倾向于鼓励参与者表达观点、参与决策过程，并在团队中创造一种更加合作和积极的氛围。这种氛围有利于提高团队成员的工作效率和成果。"
一个6面的圆盘滚动了15次，结果是：第1面出现了0次；第2面出现了1次；第3面出现了2次；第4面出现了3次；第5面出现了4次；第6面出现了5次。根据这些结果，使用加一平滑法时，第3面出现的概率是多少？(A)2/15(B)1/7(C)3/16(D)1/5,`复杂数学`,B,根据加一平滑法，每一面出现的概率计算公式为：P = (X + 1) / (N + k)其中，P表示概率，X表示某一面出现的次数，N表示总次数，k表示面的总数。根据题意，总次数为15，面的总数为6，第3面出现的次数为2。因此，第3面出现的概率计算公式为：P = (2 + 1) / (15 + 6) = 3 / 21 = 1 / 7因此，选项A（2/15）不正确，选项B（1/7）是正确答案。,在加一平滑法中，我们给每个计数值加1，以避免概率为0的情况。对于这个问题，我们先将每个面的计数值加1：第1面：0 + 1 = 1第2面：1 + 1 = 2第3面：2 + 1 = 3第4面：3 + 1 = 4第5面：4 + 1 = 5第6面：5 + 1 = 6接下来，我们计算总的滚动次数。原来是15次，但由于我们对每个面都加了1，因此总次数变为15 + 6 = 21。现在我们可以计算第3面出现的概率：概率 = （第3面的次数）/（总次数） = 3 / 21 = 1 / 7所以，使用加一平滑法时，第3面出现的概率是(B)1/7。
"罗尔斯说，哪种立场最不可能被POP（处于原始立场的人）采纳？(A)POP会选择平等高于自由的原则。(B)POP会选择 ""最大化 ""策略。(C) 人民党会选择 ""差异原则""。 (D) 人民党会拒绝 ""自然自由制度""。",`法律`,A,"罗尔斯认为，最不可能被原始立场的人（POP）采纳的是选项 (C) 差异原则。解析：罗尔斯在其著作《正义论》中提出了""差异原则""（difference principle），该原则指出社会和经济不平等只有在不损害最劣势群体的情况下才是合理的。而原始立场的人（POP）在没有任何先验知识和偏见的情况下做出决策，他们不知道自己将出生在哪个社会阶层，所以他们不会选择一个可能损害自己利益的原则，因此很难采纳差异原则。相比之下，平等高于自由的原则（equal liberty principle）和最大化策略（maximin strategy）更容易被原始立场的人接受。平等高于自由的原则指出，在不损害平等的前提下，个人应该拥有尽可能大的自由。最大化策略是指在决策中优先考虑最劣势群体，即选择能够最大化最劣势群体利益的方案。因此，根据罗尔斯的理论，最不可能被原始立场的人（POP）采纳的是选项 (C) 差异原则。","(C) 人民党会选择 ""差异原则""。实际上，罗尔斯（John Rawls）提到的是 ""最大自由原则"" 和 ""差异原则""，而不是 ""人民党""。在罗尔斯的理论中，处于原始立场的人（Original Position, OP）将考虑两个原则：最大自由原则和差异原则。最大自由原则主张每个人有平等的基本自由权；差异原则则关注不平等的分配，要求任何不平等都应有利于最不利群体。所以，从原始立场的人来看，选择 ""差异原则"" 是符合他们的利益的。"
对《公民权利和政治权利国际公约》中的酷刑定义的保留在当代实践中是否可以接受？(A)如果服务国的立法采用了不同的定义，这种保留是可以接受的 (B)这种保留是不可接受的，因为它违背了《公民权利和政治权利国际公约》的目标和目的 (C)这是一种不可接受的保留，因为《公民权利和政治权利国际公约》中对酷刑的定义与国际习惯法不一致 (D)这是一种不可接受的保留，因为根据一般国际法，国家有权利对条约提出保留意见,`法律` `国际法`,B,选项B是正确答案：这种保留是不可接受的，因为它违背了《公民权利和政治权利国际公约》的目标和目的。根据《维也纳条约关于条约法规的1969年公约》（又称《维也纳公约》），如果一国签署了国际条约，它就必须按照条约规定的精神和目的执行条约，而不是将条约的执行方式留给自己决定。因此，签署国在保留时必须符合条约本身的精神和目的。在《公民权利和政治权利国际公约》中，禁止酷刑是其主要目的之一，因此，禁止酷刑的保留将违反该公约的目标和目的。虽然一般国际法确实允许国家对条约提出保留意见，但这种保留必须符合条约本身的规定，并不违反条约目标和目的，否则将被视为无效。因此，选项C和D都是错误的。选项A也不正确，因为即使服务国的立法采用了不同的定义，也不能改变《公民权利和政治权利国际公约》对酷刑的定义和禁止。,(B)这种保留是不可接受的，因为它违背了《公民权利和政治权利国际公约》的目标和目的。《公民权利和政治权利国际公约》旨在保护和促进全球范围内的基本人权和自由。酷刑是一种严重侵犯人权的行为，公约的目标之一就是消除酷刑。因此，对酷刑定义的保留可能会削弱公约的目标和目的，使得某些行为在特定国家范围内得以合法化，从而导致对人权的侵犯。所以，在当代实践中，这种保留是不可接受的。
晨吐通常发生在： (A)怀孕第一阶段 (B)怀孕第二阶段 (C)怀孕第三阶段 (D)在整个孕期都是如此,`医学` `性别性问题`,A,晨吐通常发生在孕早期，即怀孕前3个月内，因此选项A是正确答案。在这个时期，孕妇的体内荷尔蒙水平发生了较大的变化，这可能导致身体产生一些反应，包括恶心和呕吐。晨吐的程度和持续时间因人而异，有些孕妇可能会感到非常不适，而另一些则可能几乎没有晨吐的症状。在孕中期和晚期，晨吐的发生率通常会降低。,晨吐通常发生在：(A)怀孕第一阶段。晨吐通常在怀孕的头几个月里最为明显，尤其是在怀孕的前三个月，也就是第一孕期。不过，晨吐的程度和持续时间因人而异，有些孕妇可能在整个孕期都会经历晨吐现象。
在其他条件相同的情况下，以下哪种人更有可能出现肥胖症？(A)一位年长的西班牙裔美国妇女 (B)一位年长的非洲裔美国妇女 (C)一位年长的亚裔美国妇女 (D)一位年长的土著美国妇女,`医学` `种族`,C,在其他条件相同的情况下，以下哪种人更有可能出现骨质疏松症是(A)一位年长的西班牙裔美国妇女。骨质疏松症是一种骨骼疾病，特点是骨质减少、骨密度降低，易于骨折。其中一些危险因素包括女性、年龄、低体重指数、缺乏钙和维生素D、家族史等。在上述选项中，所有候选人均为年龄较大的女性，因此这些因素并不能用来区分哪个人更容易患骨质疏松症。然而，一些研究表明，白种人、亚洲人和拉丁裔人群比非洲裔人群更容易患骨质疏松症。因此，如果在其他条件相同的情况下，年长的西班牙裔美国妇女更可能出现骨质疏松症。,在其他条件相同的情况下，以下哪种人更有可能出现骨质疏松症？(A)一位年长的西班牙裔美国妇女。骨质疏松症的风险因素包括年龄、性别、种族和遗传。一般来说，女性比男性更容易患上骨质疏松症，特别是更年期之后的女性。此外，亚洲人和白人（包括西班牙裔美国人）的骨折风险相对较高，非洲裔美国人和土著美国人的风险相对较低。因此，在这些选项中，一位年长的西班牙裔美国妇女更有可能出现骨质疏松症。
"""工人的不满在于生存的不安全感；他不确定自己会一直有工作，不确定自己会一直健康，而且他预见到自己有一天会变老，不适合工作。 如果他陷入贫困，即使只是因为长期患病，他也是完全无助的，只能听天由命，而社会目前并没有认识到任何真正的义务来帮助穷人，即使他一直都在勤勤恳恳地工作。 然而，对穷人的常规帮助有很多不足之处，特别是在大城市，那里比国内的情况要糟糕得多。"" 1884 年，Ottovon Bismarck可能是为了回应以下哪一个问题而发表的讲话？(A)社会对儿童劳动的接受程度。(B)德国人的生命期望值下降。(C) 对德国贸易关税的批评。(D)归因于工业资本主义的负面效应。",`历史`,C,根据文本，1884年Ottovon Bismarck可能是为了回应以下哪一个问题而发表的讲话？ (D)归因于工业资本主义的负面效应。在文本中，作者谈到工人的不满，这主要是由于生存的不安全感，以及社会未能承担起帮助穷人的义务。这是由于工业资本主义的负面效应，导致穷人在城市里面面临更多的困难。因此，Bismarck的讲话可能是针对工业资本主义对工人和穷人的负面影响，因此答案为(D)。,1884年，Otto von Bismarck发表的讲话可能是为了回应以下哪一个问题：(D) 归因于工业资本主义的负面效应。在讲话中，Bismarck主要关注了工人生活中的不安全感和贫困问题。这些问题主要源于工业资本主义时代，工人面临工作、健康和老年生活的不确定性。这段话主要强调了改善工人福利和社会保障制度的重要性，以减轻工业资本主义所带来的负面影响。Bismarck在德国推动了一系列社会改革，包括养老保险、疾病保险和工伤保险，从而为现代福利国家奠定了基础。
乔纳森在统计学考试中取得了80分的成绩，他位于第90百分位。假设每个人的分数都加了5分，乔纳森的分数将达到（A）第80百分位。(B)第85百分位。(C)第90个百分位。(D)第95百分位数。,`数学` `统计学`,C,假设每个人的分数都加了5分，那么乔纳森的得分为85分。现在我们需要确定他的新位置。首先，我们可以计算出乔纳森得分的累积分布函数值（CDF），即他在原始分布中的百分位数：$P(X \leq 80) = 0.9$其中 $X$ 是原始分布中的分数变量。接下来，我们需要确定加上5分后的分数85在新的分布中所处的位置。我们假设新的分布也是正态分布，均值和标准差与原始分布相同。然后，我们可以使用标准正态分布的表格，找到85分对应的标准分数 $z$。标准分数是指距离均值的标准差数量。$P(Z \leq z) = P(X \leq 85)$根据标准正态分布表格，$z = 0.5244$。最后，我们可以使用标准正态分布的表格，找到标准分数为 $z$ 对应的百分位数：$P(Z \leq 0.5244) = 0.7$因此，加上5分后，乔纳森的得分将位于新分布的第70百分位。答案为 (A)第80百分位不正确，正确答案为 (A)第70百分位。,当每个人的分数都增加5分时，乔纳森的成绩将达到85分。然而，我们无法准确判断他将在哪个百分位上，因为我们没有其他学生的具体分数信息以及它们如何分布。所以，在这里我们无法得出一个正确的答案。
如果政府在完全竞争的市场上对生产者进行补贴，那么（A）产品的需求会增加（B）产品的需求会减少（C）消费者盈余会增加（D）消费者盈余会减少,`微观经济学`,C,如果政府在完全竞争的市场上对生产者进行补贴，那么消费者盈余会增加，答案为 (C)消费者盈余会增加。补贴会降低生产成本，导致供给曲线向右移动，市场均衡价格下降。这意味着消费者可以以更低的价格购买同样数量的产品，因此消费者盈余增加。另外，由于价格下降，需求会增加，但这是由于价格效应的作用，而不是由于补贴本身的作用。因此，答案不是 (A)产品的需求会增加，也不是 (B)产品的需求会减少。同时，生产者盈余也会增加，因为他们可以以更高的价格销售产品，同时享受政府提供的补贴。,如果政府在完全竞争的市场上对生产者进行补贴，那么（C）消费者盈余会增加。补贴可以降低生产者的成本，使他们能够提供更多的产品，从而降低市场价格。由于价格降低，消费者会购买更多的产品，从而增加消费者盈余。此外，生产者盈余也可能会增加，取决于补贴的数量和生产者成本的变化。总之，补贴通常会对消费者产生积极影响，因为它降低了产品价格，使消费者能够购买更多的产品。
乔负责一个舞会的灯光，红灯每2秒闪烁一次，黄灯每3秒闪烁一次，蓝灯每5秒闪烁一次。假设在舞会开始时，三个灯都同时闪烁，如果我们把舞会的开始和结束都包括在内，在7分钟的舞会中，所有的灯会同时亮起多少次？(A) 3 (B) 15 (C) 6 (D) 5,`数学`,B,"在7分钟的舞会中，总共有 $7 \times 60 = 420$ 秒的时间。我们可以使用最小公倍数（LCM）来计算每个灯的周期，然后计算在整个舞会期间每个灯闪烁的次数。红灯的周期为2秒，黄灯的周期为3秒，蓝灯的周期为5秒。它们的最小公倍数为 $LCM(2, 3, 5) = 30$ 秒。这意味着在30秒的时间内，每个灯都会闪烁一次。在7分钟的舞会中，总共有 $\frac{420}{30} = 14$ 个30秒周期。因此，每个灯都会在14个周期内闪烁一次。因为三个灯同时开始闪烁，所以它们在整个舞会期间将同时闪烁 $14 \times 3 = 42$ 次。答案为 (B)15 不正确，正确答案为 (B)42。",为了找到所有灯同时闪烁的次数，我们需要找到红灯、黄灯和蓝灯闪烁频率的最小公倍数。红灯每2秒闪烁一次，黄灯每3秒闪烁一次，蓝灯每5秒闪烁一次。它们的最小公倍数是 235 = 30秒。舞会持续7分钟，即7*60 = 420秒。所有灯会同时闪烁的次数为 420/30 = 14次，但由于我们要把舞会开始时的那次也包括进去，所以答案是14 + 1 = 15次。因此，在7分钟的舞会中，所有的灯会同时亮起（B）15次。
